---,TextStyle
Default,"(Font=(FontObject=""/Script/Engine.Font'/Game/Assets/Fonts/Amarante/Amarante-Regular_Font.Amarante-Regular_Font'"",FontMaterial=None,OutlineSettings=(OutlineSize=1,bSeparateFillAlpha=False,bApplyOutlineToDropShadows=False,OutlineMaterial=None,OutlineColor=(R=0.000000,G=0.000000,B=0.000000,A=1.000000)),TypefaceFontName=""Default"",Size=16.000000,LetterSpacing=0,SkewAmount=0.000000),ColorAndOpacity=(SpecifiedColor=(R=1.000000,G=1.000000,B=1.000000,A=1.000000),ColorUseRule=UseColor_Specified),ShadowOffset=(X=0.000000,Y=0.000000),ShadowColorAndOpacity=(R=0.000000,G=0.000000,B=0.000000,A=1.000000),SelectedBackgroundColor=(SpecifiedColor=(R=1.000000,G=0.000000,B=1.000000,A=1.000000),ColorUseRule=UseColor_Foreground),HighlightColor=(SpecifiedColor=(R=0.000000,G=0.000000,B=0.000000,A=1.000000),ColorUseRule=UseColor_Specified),HighlightShape=(bIsDynamicallyLoaded=False,DrawAs=Image,Tiling=NoTile,Mirroring=NoMirror,ImageType=NoImage,ImageSize=(X=32.000000,Y=32.000000),Margin=(Left=0.000000,Top=0.000000,Right=0.000000,Bottom=0.000000),TintColor=(SpecifiedColor=(R=1.000000,G=1.000000,B=1.000000,A=1.000000),ColorUseRule=UseColor_Specified),OutlineSettings=(CornerRadii=(X=0.000000,Y=0.000000,Z=0.000000,W=1.000000),Color=(SpecifiedColor=(R=0.000000,G=0.000000,B=0.000000,A=0.000000),ColorUseRule=UseColor_Specified),Width=0.000000,RoundingType=HalfHeightRadius,bUseBrushTransparency=False),ResourceObject=None,ResourceName="""",UVRegion=(Min=(X=0.000000,Y=0.000000),Max=(X=0.000000,Y=0.000000),bIsValid=False)),StrikeBrush=(bIsDynamicallyLoaded=False,DrawAs=Image,Tiling=NoTile,Mirroring=NoMirror,ImageType=NoImage,ImageSize=(X=32.000000,Y=32.000000),Margin=(Left=0.000000,Top=0.000000,Right=0.000000,Bottom=0.000000),TintColor=(SpecifiedColor=(R=1.000000,G=1.000000,B=1.000000,A=1.000000),ColorUseRule=UseColor_Specified),OutlineSettings=(CornerRadii=(X=0.000000,Y=0.000000,Z=0.000000,W=1.000000),Color=(SpecifiedColor=(R=0.000000,G=0.000000,B=0.000000,A=0.000000),ColorUseRule=UseColor_Specified),Width=0.000000,RoundingType=HalfHeightRadius,bUseBrushTransparency=False),ResourceObject=None,ResourceName="""",UVRegion=(Min=(X=0.000000,Y=0.000000),Max=(X=0.000000,Y=0.000000),bIsValid=False)),UnderlineBrush=(bIsDynamicallyLoaded=False,DrawAs=Image,Tiling=NoTile,Mirroring=NoMirror,ImageType=NoImage,ImageSize=(X=32.000000,Y=32.000000),Margin=(Left=0.000000,Top=0.000000,Right=0.000000,Bottom=0.000000),TintColor=(SpecifiedColor=(R=1.000000,G=1.000000,B=1.000000,A=1.000000),ColorUseRule=UseColor_Specified),OutlineSettings=(CornerRadii=(X=0.000000,Y=0.000000,Z=0.000000,W=1.000000),Color=(SpecifiedColor=(R=0.000000,G=0.000000,B=0.000000,A=0.000000),ColorUseRule=UseColor_Specified),Width=0.000000,RoundingType=HalfHeightRadius,bUseBrushTransparency=False),ResourceObject=None,ResourceName="""",UVRegion=(Min=(X=0.000000,Y=0.000000),Max=(X=0.000000,Y=0.000000),bIsValid=False)),TransformPolicy=None,OverflowPolicy=Clip)"
Damage,"(Font=(FontObject=""/Script/Engine.Font'/Game/Assets/Fonts/Amarante/Amarante-Regular_Font.Amarante-Regular_Font'"",FontMaterial=None,OutlineSettings=(OutlineSize=1,bSeparateFillAlpha=False,bApplyOutlineToDropShadows=False,OutlineMaterial=None,OutlineColor=(R=0.000000,G=0.000000,B=0.000000,A=1.000000)),TypefaceFontName=""Default"",Size=16.000000,LetterSpacing=0,SkewAmount=0.000000),ColorAndOpacity=(SpecifiedColor=(R=0.833333,G=0.000000,B=0.063757,A=1.000000),ColorUseRule=UseColor_Specified),ShadowOffset=(X=0.000000,Y=0.000000),ShadowColorAndOpacity=(R=0.000000,G=0.000000,B=0.000000,A=1.000000),SelectedBackgroundColor=(SpecifiedColor=(R=1.000000,G=0.000000,B=1.000000,A=1.000000),ColorUseRule=UseColor_Foreground),HighlightColor=(SpecifiedColor=(R=0.000000,G=0.000000,B=0.000000,A=1.000000),ColorUseRule=UseColor_Specified),HighlightShape=(bIsDynamicallyLoaded=False,DrawAs=Image,Tiling=NoTile,Mirroring=NoMirror,ImageType=NoImage,ImageSize=(X=32.000000,Y=32.000000),Margin=(Left=0.000000,Top=0.000000,Right=0.000000,Bottom=0.000000),TintColor=(SpecifiedColor=(R=1.000000,G=1.000000,B=1.000000,A=1.000000),ColorUseRule=UseColor_Specified),OutlineSettings=(CornerRadii=(X=0.000000,Y=0.000000,Z=0.000000,W=1.000000),Color=(SpecifiedColor=(R=0.000000,G=0.000000,B=0.000000,A=0.000000),ColorUseRule=UseColor_Specified),Width=0.000000,RoundingType=HalfHeightRadius,bUseBrushTransparency=False),ResourceObject=None,ResourceName="""",UVRegion=(Min=(X=0.000000,Y=0.000000),Max=(X=0.000000,Y=0.000000),bIsValid=False)),StrikeBrush=(bIsDynamicallyLoaded=False,DrawAs=Image,Tiling=NoTile,Mirroring=NoMirror,ImageType=NoImage,ImageSize=(X=32.000000,Y=32.000000),Margin=(Left=0.000000,Top=0.000000,Right=0.000000,Bottom=0.000000),TintColor=(SpecifiedColor=(R=1.000000,G=1.000000,B=1.000000,A=1.000000),ColorUseRule=UseColor_Specified),OutlineSettings=(CornerRadii=(X=0.000000,Y=0.000000,Z=0.000000,W=1.000000),Color=(SpecifiedColor=(R=0.000000,G=0.000000,B=0.000000,A=0.000000),ColorUseRule=UseColor_Specified),Width=0.000000,RoundingType=HalfHeightRadius,bUseBrushTransparency=False),ResourceObject=None,ResourceName="""",UVRegion=(Min=(X=0.000000,Y=0.000000),Max=(X=0.000000,Y=0.000000),bIsValid=False)),UnderlineBrush=(bIsDynamicallyLoaded=False,DrawAs=Image,Tiling=NoTile,Mirroring=NoMirror,ImageType=NoImage,ImageSize=(X=32.000000,Y=32.000000),Margin=(Left=0.000000,Top=0.000000,Right=0.000000,Bottom=0.000000),TintColor=(SpecifiedColor=(R=1.000000,G=1.000000,B=1.000000,A=1.000000),ColorUseRule=UseColor_Specified),OutlineSettings=(CornerRadii=(X=0.000000,Y=0.000000,Z=0.000000,W=1.000000),Color=(SpecifiedColor=(R=0.000000,G=0.000000,B=0.000000,A=0.000000),ColorUseRule=UseColor_Specified),Width=0.000000,RoundingType=HalfHeightRadius,bUseBrushTransparency=False),ResourceObject=None,ResourceName="""",UVRegion=(Min=(X=0.000000,Y=0.000000),Max=(X=0.000000,Y=0.000000),bIsValid=False)),TransformPolicy=None,OverflowPolicy=Clip)"
Percent,"(Font=(FontObject=""/Script/Engine.Font'/Game/Assets/Fonts/Amarante/Amarante-Regular_Font.Amarante-Regular_Font'"",FontMaterial=None,OutlineSettings=(OutlineSize=1,bSeparateFillAlpha=False,bApplyOutlineToDropShadows=False,OutlineMaterial=None,OutlineColor=(R=0.000000,G=0.000000,B=0.000000,A=1.000000)),TypefaceFontName=""Default"",Size=14.000000,LetterSpacing=0,SkewAmount=0.000000),ColorAndOpacity=(SpecifiedColor=(R=1.000000,G=0.525355,B=0.314840,A=1.000000),ColorUseRule=UseColor_Specified),ShadowOffset=(X=0.000000,Y=0.000000),ShadowColorAndOpacity=(R=0.000000,G=0.000000,B=0.000000,A=1.000000),SelectedBackgroundColor=(SpecifiedColor=(R=1.000000,G=0.000000,B=1.000000,A=1.000000),ColorUseRule=UseColor_Foreground),HighlightColor=(SpecifiedColor=(R=0.000000,G=0.000000,B=0.000000,A=1.000000),ColorUseRule=UseColor_Specified),HighlightShape=(bIsDynamicallyLoaded=False,DrawAs=Image,Tiling=NoTile,Mirroring=NoMirror,ImageType=NoImage,ImageSize=(X=32.000000,Y=32.000000),Margin=(Left=0.000000,Top=0.000000,Right=0.000000,Bottom=0.000000),TintColor=(SpecifiedColor=(R=1.000000,G=1.000000,B=1.000000,A=1.000000),ColorUseRule=UseColor_Specified),OutlineSettings=(CornerRadii=(X=0.000000,Y=0.000000,Z=0.000000,W=1.000000),Color=(SpecifiedColor=(R=0.000000,G=0.000000,B=0.000000,A=0.000000),ColorUseRule=UseColor_Specified),Width=0.000000,RoundingType=HalfHeightRadius,bUseBrushTransparency=False),ResourceObject=None,ResourceName="""",UVRegion=(Min=(X=0.000000,Y=0.000000),Max=(X=0.000000,Y=0.000000),bIsValid=False)),StrikeBrush=(bIsDynamicallyLoaded=False,DrawAs=Image,Tiling=NoTile,Mirroring=NoMirror,ImageType=NoImage,ImageSize=(X=32.000000,Y=32.000000),Margin=(Left=0.000000,Top=0.000000,Right=0.000000,Bottom=0.000000),TintColor=(SpecifiedColor=(R=1.000000,G=1.000000,B=1.000000,A=1.000000),ColorUseRule=UseColor_Specified),OutlineSettings=(CornerRadii=(X=0.000000,Y=0.000000,Z=0.000000,W=1.000000),Color=(SpecifiedColor=(R=0.000000,G=0.000000,B=0.000000,A=0.000000),ColorUseRule=UseColor_Specified),Width=0.000000,RoundingType=HalfHeightRadius,bUseBrushTransparency=False),ResourceObject=None,ResourceName="""",UVRegion=(Min=(X=0.000000,Y=0.000000),Max=(X=0.000000,Y=0.000000),bIsValid=False)),UnderlineBrush=(bIsDynamicallyLoaded=False,DrawAs=Image,Tiling=NoTile,Mirroring=NoMirror,ImageType=NoImage,ImageSize=(X=32.000000,Y=32.000000),Margin=(Left=0.000000,Top=0.000000,Right=0.000000,Bottom=0.000000),TintColor=(SpecifiedColor=(R=1.000000,G=1.000000,B=1.000000,A=1.000000),ColorUseRule=UseColor_Specified),OutlineSettings=(CornerRadii=(X=0.000000,Y=0.000000,Z=0.000000,W=1.000000),Color=(SpecifiedColor=(R=0.000000,G=0.000000,B=0.000000,A=0.000000),ColorUseRule=UseColor_Specified),Width=0.000000,RoundingType=HalfHeightRadius,bUseBrushTransparency=False),ResourceObject=None,ResourceName="""",UVRegion=(Min=(X=0.000000,Y=0.000000),Max=(X=0.000000,Y=0.000000),bIsValid=False)),TransformPolicy=None,OverflowPolicy=Clip)"
Time,"(Font=(FontObject=""/Script/Engine.Font'/Game/Assets/Fonts/Amarante/Amarante-Regular_Font.Amarante-Regular_Font'"",FontMaterial=None,OutlineSettings=(OutlineSize=1,bSeparateFillAlpha=False,bApplyOutlineToDropShadows=False,OutlineMaterial=None,OutlineColor=(R=0.000000,G=0.000000,B=0.000000,A=1.000000)),TypefaceFontName=""Default"",Size=14.000000,LetterSpacing=0,SkewAmount=0.000000),ColorAndOpacity=(SpecifiedColor=(R=0.156191,G=1.000000,B=0.225744,A=1.000000),ColorUseRule=UseColor_Specified),ShadowOffset=(X=0.000000,Y=0.000000),ShadowColorAndOpacity=(R=0.000000,G=0.000000,B=0.000000,A=1.000000),SelectedBackgroundColor=(SpecifiedColor=(R=1.000000,G=0.000000,B=1.000000,A=1.000000),ColorUseRule=UseColor_Foreground),HighlightColor=(SpecifiedColor=(R=0.000000,G=0.000000,B=0.000000,A=1.000000),ColorUseRule=UseColor_Specified),HighlightShape=(bIsDynamicallyLoaded=False,DrawAs=Image,Tiling=NoTile,Mirroring=NoMirror,ImageType=NoImage,ImageSize=(X=32.000000,Y=32.000000),Margin=(Left=0.000000,Top=0.000000,Right=0.000000,Bottom=0.000000),TintColor=(SpecifiedColor=(R=1.000000,G=1.000000,B=1.000000,A=1.000000),ColorUseRule=UseColor_Specified),OutlineSettings=(CornerRadii=(X=0.000000,Y=0.000000,Z=0.000000,W=1.000000),Color=(SpecifiedColor=(R=0.000000,G=0.000000,B=0.000000,A=0.000000),ColorUseRule=UseColor_Specified),Width=0.000000,RoundingType=HalfHeightRadius,bUseBrushTransparency=False),ResourceObject=None,ResourceName="""",UVRegion=(Min=(X=0.000000,Y=0.000000),Max=(X=0.000000,Y=0.000000),bIsValid=False)),StrikeBrush=(bIsDynamicallyLoaded=False,DrawAs=Image,Tiling=NoTile,Mirroring=NoMirror,ImageType=NoImage,ImageSize=(X=32.000000,Y=32.000000),Margin=(Left=0.000000,Top=0.000000,Right=0.000000,Bottom=0.000000),TintColor=(SpecifiedColor=(R=1.000000,G=1.000000,B=1.000000,A=1.000000),ColorUseRule=UseColor_Specified),OutlineSettings=(CornerRadii=(X=0.000000,Y=0.000000,Z=0.000000,W=1.000000),Color=(SpecifiedColor=(R=0.000000,G=0.000000,B=0.000000,A=0.000000),ColorUseRule=UseColor_Specified),Width=0.000000,RoundingType=HalfHeightRadius,bUseBrushTransparency=False),ResourceObject=None,ResourceName="""",UVRegion=(Min=(X=0.000000,Y=0.000000),Max=(X=0.000000,Y=0.000000),bIsValid=False)),UnderlineBrush=(bIsDynamicallyLoaded=False,DrawAs=Image,Tiling=NoTile,Mirroring=NoMirror,ImageType=NoImage,ImageSize=(X=32.000000,Y=32.000000),Margin=(Left=0.000000,Top=0.000000,Right=0.000000,Bottom=0.000000),TintColor=(SpecifiedColor=(R=1.000000,G=1.000000,B=1.000000,A=1.000000),ColorUseRule=UseColor_Specified),OutlineSettings=(CornerRadii=(X=0.000000,Y=0.000000,Z=0.000000,W=1.000000),Color=(SpecifiedColor=(R=0.000000,G=0.000000,B=0.000000,A=0.000000),ColorUseRule=UseColor_Specified),Width=0.000000,RoundingType=HalfHeightRadius,bUseBrushTransparency=False),ResourceObject=None,ResourceName="""",UVRegion=(Min=(X=0.000000,Y=0.000000),Max=(X=0.000000,Y=0.000000),bIsValid=False)),TransformPolicy=None,OverflowPolicy=Clip)"
ManaCost,"(Font=(FontObject=""/Script/Engine.Font'/Game/Assets/Fonts/Amarante/Amarante-Regular_Font.Amarante-Regular_Font'"",FontMaterial=None,OutlineSettings=(OutlineSize=1,bSeparateFillAlpha=False,bApplyOutlineToDropShadows=False,OutlineMaterial=None,OutlineColor=(R=0.000000,G=0.000000,B=0.000000,A=1.000000)),TypefaceFontName=""Default"",Size=14.000000,LetterSpacing=0,SkewAmount=0.000000),ColorAndOpacity=(SpecifiedColor=(R=0.102588,G=0.848007,B=1.000000,A=1.000000),ColorUseRule=UseColor_Specified),ShadowOffset=(X=0.000000,Y=0.000000),ShadowColorAndOpacity=(R=0.000000,G=0.000000,B=0.000000,A=1.000000),SelectedBackgroundColor=(SpecifiedColor=(R=1.000000,G=0.000000,B=1.000000,A=1.000000),ColorUseRule=UseColor_Foreground),HighlightColor=(SpecifiedColor=(R=0.000000,G=0.000000,B=0.000000,A=1.000000),ColorUseRule=UseColor_Specified),HighlightShape=(bIsDynamicallyLoaded=False,DrawAs=Image,Tiling=NoTile,Mirroring=NoMirror,ImageType=NoImage,ImageSize=(X=32.000000,Y=32.000000),Margin=(Left=0.000000,Top=0.000000,Right=0.000000,Bottom=0.000000),TintColor=(SpecifiedColor=(R=1.000000,G=1.000000,B=1.000000,A=1.000000),ColorUseRule=UseColor_Specified),OutlineSettings=(CornerRadii=(X=0.000000,Y=0.000000,Z=0.000000,W=1.000000),Color=(SpecifiedColor=(R=0.000000,G=0.000000,B=0.000000,A=0.000000),ColorUseRule=UseColor_Specified),Width=0.000000,RoundingType=HalfHeightRadius,bUseBrushTransparency=False),ResourceObject=None,ResourceName="""",UVRegion=(Min=(X=0.000000,Y=0.000000),Max=(X=0.000000,Y=0.000000),bIsValid=False)),StrikeBrush=(bIsDynamicallyLoaded=False,DrawAs=Image,Tiling=NoTile,Mirroring=NoMirror,ImageType=NoImage,ImageSize=(X=32.000000,Y=32.000000),Margin=(Left=0.000000,Top=0.000000,Right=0.000000,Bottom=0.000000),TintColor=(SpecifiedColor=(R=1.000000,G=1.000000,B=1.000000,A=1.000000),ColorUseRule=UseColor_Specified),OutlineSettings=(CornerRadii=(X=0.000000,Y=0.000000,Z=0.000000,W=1.000000),Color=(SpecifiedColor=(R=0.000000,G=0.000000,B=0.000000,A=0.000000),ColorUseRule=UseColor_Specified),Width=0.000000,RoundingType=HalfHeightRadius,bUseBrushTransparency=False),ResourceObject=None,ResourceName="""",UVRegion=(Min=(X=0.000000,Y=0.000000),Max=(X=0.000000,Y=0.000000),bIsValid=False)),UnderlineBrush=(bIsDynamicallyLoaded=False,DrawAs=Image,Tiling=NoTile,Mirroring=NoMirror,ImageType=NoImage,ImageSize=(X=32.000000,Y=32.000000),Margin=(Left=0.000000,Top=0.000000,Right=0.000000,Bottom=0.000000),TintColor=(SpecifiedColor=(R=1.000000,G=1.000000,B=1.000000,A=1.000000),ColorUseRule=UseColor_Specified),OutlineSettings=(CornerRadii=(X=0.000000,Y=0.000000,Z=0.000000,W=1.000000),Color=(SpecifiedColor=(R=0.000000,G=0.000000,B=0.000000,A=0.000000),ColorUseRule=UseColor_Specified),Width=0.000000,RoundingType=HalfHeightRadius,bUseBrushTransparency=False),ResourceObject=None,ResourceName="""",UVRegion=(Min=(X=0.000000,Y=0.000000),Max=(X=0.000000,Y=0.000000),bIsValid=False)),TransformPolicy=None,OverflowPolicy=Clip)"
Level,"(Font=(FontObject=""/Script/Engine.Font'/Game/Assets/Fonts/Amarante/Amarante-Regular_Font.Amarante-Regular_Font'"",FontMaterial=None,OutlineSettings=(OutlineSize=1,bSeparateFillAlpha=False,bApplyOutlineToDropShadows=False,OutlineMaterial=None,OutlineColor=(R=0.000000,G=0.000000,B=0.000000,A=1.000000)),TypefaceFontName=""Default"",Size=14.000000,LetterSpacing=0,SkewAmount=0.000000),ColorAndOpacity=(SpecifiedColor=(R=0.023008,G=1.000000,B=0.864240,A=1.000000),ColorUseRule=UseColor_Specified),ShadowOffset=(X=0.000000,Y=0.000000),ShadowColorAndOpacity=(R=0.000000,G=0.000000,B=0.000000,A=1.000000),SelectedBackgroundColor=(SpecifiedColor=(R=1.000000,G=0.000000,B=1.000000,A=1.000000),ColorUseRule=UseColor_Foreground),HighlightColor=(SpecifiedColor=(R=0.000000,G=0.000000,B=0.000000,A=1.000000),ColorUseRule=UseColor_Specified),HighlightShape=(bIsDynamicallyLoaded=False,DrawAs=Image,Tiling=NoTile,Mirroring=NoMirror,ImageType=NoImage,ImageSize=(X=32.000000,Y=32.000000),Margin=(Left=0.000000,Top=0.000000,Right=0.000000,Bottom=0.000000),TintColor=(SpecifiedColor=(R=1.000000,G=1.000000,B=1.000000,A=1.000000),ColorUseRule=UseColor_Specified),OutlineSettings=(CornerRadii=(X=0.000000,Y=0.000000,Z=0.000000,W=1.000000),Color=(SpecifiedColor=(R=0.000000,G=0.000000,B=0.000000,A=0.000000),ColorUseRule=UseColor_Specified),Width=0.000000,RoundingType=HalfHeightRadius,bUseBrushTransparency=False),ResourceObject=None,ResourceName="""",UVRegion=(Min=(X=0.000000,Y=0.000000),Max=(X=0.000000,Y=0.000000),bIsValid=False)),StrikeBrush=(bIsDynamicallyLoaded=False,DrawAs=Image,Tiling=NoTile,Mirroring=NoMirror,ImageType=NoImage,ImageSize=(X=32.000000,Y=32.000000),Margin=(Left=0.000000,Top=0.000000,Right=0.000000,Bottom=0.000000),TintColor=(SpecifiedColor=(R=1.000000,G=1.000000,B=1.000000,A=1.000000),ColorUseRule=UseColor_Specified),OutlineSettings=(CornerRadii=(X=0.000000,Y=0.000000,Z=0.000000,W=1.000000),Color=(SpecifiedColor=(R=0.000000,G=0.000000,B=0.000000,A=0.000000),ColorUseRule=UseColor_Specified),Width=0.000000,RoundingType=HalfHeightRadius,bUseBrushTransparency=False),ResourceObject=None,ResourceName="""",UVRegion=(Min=(X=0.000000,Y=0.000000),Max=(X=0.000000,Y=0.000000),bIsValid=False)),UnderlineBrush=(bIsDynamicallyLoaded=False,DrawAs=Image,Tiling=NoTile,Mirroring=NoMirror,ImageType=NoImage,ImageSize=(X=32.000000,Y=32.000000),Margin=(Left=0.000000,Top=0.000000,Right=0.000000,Bottom=0.000000),TintColor=(SpecifiedColor=(R=1.000000,G=1.000000,B=1.000000,A=1.000000),ColorUseRule=UseColor_Specified),OutlineSettings=(CornerRadii=(X=0.000000,Y=0.000000,Z=0.000000,W=1.000000),Color=(SpecifiedColor=(R=0.000000,G=0.000000,B=0.000000,A=0.000000),ColorUseRule=UseColor_Specified),Width=0.000000,RoundingType=HalfHeightRadius,bUseBrushTransparency=False),ResourceObject=None,ResourceName="""",UVRegion=(Min=(X=0.000000,Y=0.000000),Max=(X=0.000000,Y=0.000000),bIsValid=False)),TransformPolicy=None,OverflowPolicy=Clip)"
Title,"(Font=(FontObject=""/Script/Engine.Font'/Game/Assets/Fonts/Pirata_One/PirataOne-Regular_Font.PirataOne-Regular_Font'"",FontMaterial=None,OutlineSettings=(OutlineSize=1,bSeparateFillAlpha=False,bApplyOutlineToDropShadows=False,OutlineMaterial=None,OutlineColor=(R=0.000000,G=0.000000,B=0.000000,A=1.000000)),TypefaceFontName=""Default"",Size=22.000000,LetterSpacing=0,SkewAmount=0.000000),ColorAndOpacity=(SpecifiedColor=(R=1.000000,G=0.566550,B=0.228548,A=1.000000),ColorUseRule=UseColor_Specified),ShadowOffset=(X=0.000000,Y=0.000000),ShadowColorAndOpacity=(R=0.000000,G=0.000000,B=0.000000,A=1.000000),SelectedBackgroundColor=(SpecifiedColor=(R=1.000000,G=0.000000,B=1.000000,A=1.000000),ColorUseRule=UseColor_Foreground),HighlightColor=(SpecifiedColor=(R=0.000000,G=0.000000,B=0.000000,A=1.000000),ColorUseRule=UseColor_Specified),HighlightShape=(bIsDynamicallyLoaded=False,DrawAs=Image,Tiling=NoTile,Mirroring=NoMirror,ImageType=NoImage,ImageSize=(X=32.000000,Y=32.000000),Margin=(Left=0.000000,Top=0.000000,Right=0.000000,Bottom=0.000000),TintColor=(SpecifiedColor=(R=1.000000,G=1.000000,B=1.000000,A=1.000000),ColorUseRule=UseColor_Specified),OutlineSettings=(CornerRadii=(X=0.000000,Y=0.000000,Z=0.000000,W=1.000000),Color=(SpecifiedColor=(R=0.000000,G=0.000000,B=0.000000,A=0.000000),ColorUseRule=UseColor_Specified),Width=0.000000,RoundingType=HalfHeightRadius,bUseBrushTransparency=False),ResourceObject=None,ResourceName="""",UVRegion=(Min=(X=0.000000,Y=0.000000),Max=(X=0.000000,Y=0.000000),bIsValid=False)),StrikeBrush=(bIsDynamicallyLoaded=False,DrawAs=Image,Tiling=NoTile,Mirroring=NoMirror,ImageType=NoImage,ImageSize=(X=32.000000,Y=32.000000),Margin=(Left=0.000000,Top=0.000000,Right=0.000000,Bottom=0.000000),TintColor=(SpecifiedColor=(R=1.000000,G=1.000000,B=1.000000,A=1.000000),ColorUseRule=UseColor_Specified),OutlineSettings=(CornerRadii=(X=0.000000,Y=0.000000,Z=0.000000,W=1.000000),Color=(SpecifiedColor=(R=0.000000,G=0.000000,B=0.000000,A=0.000000),ColorUseRule=UseColor_Specified),Width=0.000000,RoundingType=HalfHeightRadius,bUseBrushTransparency=False),ResourceObject=None,ResourceName="""",UVRegion=(Min=(X=0.000000,Y=0.000000),Max=(X=0.000000,Y=0.000000),bIsValid=False)),UnderlineBrush=(bIsDynamicallyLoaded=False,DrawAs=Image,Tiling=NoTile,Mirroring=NoMirror,ImageType=NoImage,ImageSize=(X=32.000000,Y=32.000000),Margin=(Left=0.000000,Top=0.000000,Right=0.000000,Bottom=0.000000),TintColor=(SpecifiedColor=(R=1.000000,G=1.000000,B=1.000000,A=1.000000),ColorUseRule=UseColor_Specified),OutlineSettings=(CornerRadii=(X=0.000000,Y=0.000000,Z=0.000000,W=1.000000),Color=(SpecifiedColor=(R=0.000000,G=0.000000,B=0.000000,A=0.000000),ColorUseRule=UseColor_Specified),Width=0.000000,RoundingType=HalfHeightRadius,bUseBrushTransparency=False),ResourceObject=None,ResourceName="""",UVRegion=(Min=(X=0.000000,Y=0.000000),Max=(X=0.000000,Y=0.000000),bIsValid=False)),TransformPolicy=None,OverflowPolicy=Clip)"
Cooldown,"(Font=(FontObject=""/Script/Engine.Font'/Game/Assets/Fonts/Amarante/Amarante-Regular_Font.Amarante-Regular_Font'"",FontMaterial=None,OutlineSettings=(OutlineSize=1,bSeparateFillAlpha=False,bApplyOutlineToDropShadows=False,OutlineMaterial=None,OutlineColor=(R=0.000000,G=0.000000,B=0.000000,A=1.000000)),TypefaceFontName=""Default"",Size=14.000000,LetterSpacing=0,SkewAmount=0.000000),ColorAndOpacity=(SpecifiedColor=(R=0.471620,G=0.166792,B=1.000000,A=1.000000),ColorUseRule=UseColor_Specified),ShadowOffset=(X=0.000000,Y=0.000000),ShadowColorAndOpacity=(R=0.000000,G=0.000000,B=0.000000,A=1.000000),SelectedBackgroundColor=(SpecifiedColor=(R=1.000000,G=0.000000,B=1.000000,A=1.000000),ColorUseRule=UseColor_Foreground),HighlightColor=(SpecifiedColor=(R=0.000000,G=0.000000,B=0.000000,A=1.000000),ColorUseRule=UseColor_Specified),HighlightShape=(bIsDynamicallyLoaded=False,DrawAs=Image,Tiling=NoTile,Mirroring=NoMirror,ImageType=NoImage,ImageSize=(X=32.000000,Y=32.000000),Margin=(Left=0.000000,Top=0.000000,Right=0.000000,Bottom=0.000000),TintColor=(SpecifiedColor=(R=1.000000,G=1.000000,B=1.000000,A=1.000000),ColorUseRule=UseColor_Specified),OutlineSettings=(CornerRadii=(X=0.000000,Y=0.000000,Z=0.000000,W=1.000000),Color=(SpecifiedColor=(R=0.000000,G=0.000000,B=0.000000,A=0.000000),ColorUseRule=UseColor_Specified),Width=0.000000,RoundingType=HalfHeightRadius,bUseBrushTransparency=False),ResourceObject=None,ResourceName="""",UVRegion=(Min=(X=0.000000,Y=0.000000),Max=(X=0.000000,Y=0.000000),bIsValid=False)),StrikeBrush=(bIsDynamicallyLoaded=False,DrawAs=Image,Tiling=NoTile,Mirroring=NoMirror,ImageType=NoImage,ImageSize=(X=32.000000,Y=32.000000),Margin=(Left=0.000000,Top=0.000000,Right=0.000000,Bottom=0.000000),TintColor=(SpecifiedColor=(R=1.000000,G=1.000000,B=1.000000,A=1.000000),ColorUseRule=UseColor_Specified),OutlineSettings=(CornerRadii=(X=0.000000,Y=0.000000,Z=0.000000,W=1.000000),Color=(SpecifiedColor=(R=0.000000,G=0.000000,B=0.000000,A=0.000000),ColorUseRule=UseColor_Specified),Width=0.000000,RoundingType=HalfHeightRadius,bUseBrushTransparency=False),ResourceObject=None,ResourceName="""",UVRegion=(Min=(X=0.000000,Y=0.000000),Max=(X=0.000000,Y=0.000000),bIsValid=False)),UnderlineBrush=(bIsDynamicallyLoaded=False,DrawAs=Image,Tiling=NoTile,Mirroring=NoMirror,ImageType=NoImage,ImageSize=(X=32.000000,Y=32.000000),Margin=(Left=0.000000,Top=0.000000,Right=0.000000,Bottom=0.000000),TintColor=(SpecifiedColor=(R=1.000000,G=1.000000,B=1.000000,A=1.000000),ColorUseRule=UseColor_Specified),OutlineSettings=(CornerRadii=(X=0.000000,Y=0.000000,Z=0.000000,W=1.000000),Color=(SpecifiedColor=(R=0.000000,G=0.000000,B=0.000000,A=0.000000),ColorUseRule=UseColor_Specified),Width=0.000000,RoundingType=HalfHeightRadius,bUseBrushTransparency=False),ResourceObject=None,ResourceName="""",UVRegion=(Min=(X=0.000000,Y=0.000000),Max=(X=0.000000,Y=0.000000),bIsValid=False)),TransformPolicy=None,OverflowPolicy=Clip)"
Small,"(Font=(FontObject=""/Script/Engine.Font'/Game/Assets/Fonts/David_Libre/DavidLibre-Regular_Font.DavidLibre-Regular_Font'"",FontMaterial=None,OutlineSettings=(OutlineSize=1,bSeparateFillAlpha=False,bApplyOutlineToDropShadows=False,OutlineMaterial=None,OutlineColor=(R=0.000000,G=0.000000,B=0.000000,A=1.000000)),TypefaceFontName=""Default"",Size=14.000000,LetterSpacing=0,SkewAmount=0.000000),ColorAndOpacity=(SpecifiedColor=(R=0.831263,G=0.907461,B=1.000000,A=1.000000),ColorUseRule=UseColor_Specified),ShadowOffset=(X=0.000000,Y=0.000000),ShadowColorAndOpacity=(R=0.000000,G=0.000000,B=0.000000,A=1.000000),SelectedBackgroundColor=(SpecifiedColor=(R=1.000000,G=0.000000,B=1.000000,A=1.000000),ColorUseRule=UseColor_Foreground),HighlightColor=(SpecifiedColor=(R=0.000000,G=0.000000,B=0.000000,A=1.000000),ColorUseRule=UseColor_Specified),HighlightShape=(bIsDynamicallyLoaded=False,DrawAs=Image,Tiling=NoTile,Mirroring=NoMirror,ImageType=NoImage,ImageSize=(X=32.000000,Y=32.000000),Margin=(Left=0.000000,Top=0.000000,Right=0.000000,Bottom=0.000000),TintColor=(SpecifiedColor=(R=1.000000,G=1.000000,B=1.000000,A=1.000000),ColorUseRule=UseColor_Specified),OutlineSettings=(CornerRadii=(X=0.000000,Y=0.000000,Z=0.000000,W=1.000000),Color=(SpecifiedColor=(R=0.000000,G=0.000000,B=0.000000,A=0.000000),ColorUseRule=UseColor_Specified),Width=0.000000,RoundingType=HalfHeightRadius,bUseBrushTransparency=False),ResourceObject=None,ResourceName="""",UVRegion=(Min=(X=0.000000,Y=0.000000),Max=(X=0.000000,Y=0.000000),bIsValid=False)),StrikeBrush=(bIsDynamicallyLoaded=False,DrawAs=Image,Tiling=NoTile,Mirroring=NoMirror,ImageType=NoImage,ImageSize=(X=32.000000,Y=32.000000),Margin=(Left=0.000000,Top=0.000000,Right=0.000000,Bottom=0.000000),TintColor=(SpecifiedColor=(R=1.000000,G=1.000000,B=1.000000,A=1.000000),ColorUseRule=UseColor_Specified),OutlineSettings=(CornerRadii=(X=0.000000,Y=0.000000,Z=0.000000,W=1.000000),Color=(SpecifiedColor=(R=0.000000,G=0.000000,B=0.000000,A=0.000000),ColorUseRule=UseColor_Specified),Width=0.000000,RoundingType=HalfHeightRadius,bUseBrushTransparency=False),ResourceObject=None,ResourceName="""",UVRegion=(Min=(X=0.000000,Y=0.000000),Max=(X=0.000000,Y=0.000000),bIsValid=False)),UnderlineBrush=(bIsDynamicallyLoaded=False,DrawAs=Image,Tiling=NoTile,Mirroring=NoMirror,ImageType=NoImage,ImageSize=(X=32.000000,Y=32.000000),Margin=(Left=0.000000,Top=0.000000,Right=0.000000,Bottom=0.000000),TintColor=(SpecifiedColor=(R=1.000000,G=1.000000,B=1.000000,A=1.000000),ColorUseRule=UseColor_Specified),OutlineSettings=(CornerRadii=(X=0.000000,Y=0.000000,Z=0.000000,W=1.000000),Color=(SpecifiedColor=(R=0.000000,G=0.000000,B=0.000000,A=0.000000),ColorUseRule=UseColor_Specified),Width=0.000000,RoundingType=HalfHeightRadius,bUseBrushTransparency=False),ResourceObject=None,ResourceName="""",UVRegion=(Min=(X=0.000000,Y=0.000000),Max=(X=0.000000,Y=0.000000),bIsValid=False)),TransformPolicy=None,OverflowPolicy=Clip)"
